{
  "selectionColor": "#00FFFF",
  "selectionMode": "partial",
  "enableByDefault": true,
  "allowExport": false,
  "includeRuntimeLayers": true,
  "geometryTypes": [
    "POINT",
    "EXTENT",
    "POLYGON"
  ],
  "layerState": {
    "Wisc_Nitrate_Cancer_Source_Data_1131": {
      "selected": false
    },
    "Wisc_Nitrate_Cancer_Source_Data_1131_0": {
      "selected": true
    },
    "Wisc_Nitrate_Cancer_Source_Data_1131_1": {
      "selected": true
    },
    "Wisc_Nitrate_Cancer_Source_Data_1131_2": {
      "selected": true
    }
  }
}
