{
  "showTitle": true,
  "showBasemap": true,
  "showLegend": true,
  "expandAllLayersByDefault": true,
  "contextMenu": {
    "ZoomTo": true,
    "Transparency": true,
    "SetVisibilityRange": true,
    "EnableOrDisablePopup": true,
    "ControlLabels": true,
    "MoveupOrMovedown": true,
    "OpenAttributeTable": true,
    "DescriptionOrShowItemDetailsOrDownload": true
  },
  "layerOptions": {
    "Wisc_Nitrate_Cancer_Source_Data_1131": {
      "display": true
    },
    "Wisc_Nitrate_Cancer_Source_Data_1131_0": {
      "display": true
    },
    "Wisc_Nitrate_Cancer_Source_Data_1131_1": {
      "display": true
    },
    "Wisc_Nitrate_Cancer_Source_Data_1131_2": {
      "display": true
    }
  }
}
