{
  "name": "NitrateCancerAnalysis",
  "displayName": "Nitrate_Cancer_Analysis",
  "description": "This GP (geoprocessing) tool takes nitrate level input data from water well sample point locations and cancer rate input data from census tract polygons and performs a linear regression analysis to identify how much (if any) water nitrate levels affect cancer rates.",
  "category": "",
  "helpUrl": "https://localhost:6443/arcgis/rest/directories/arcgisoutput/GEOG777_Project_1/NitrateCancerAnalysis_GPServer/GEOG777_Project_1_NitrateCancerAnalysis/NitrateCancerAnalysis.htm",
  "serverInfo": {
    "currentVersion": 10.61,
    "url": "https://localhost:6443/arcgis/rest/services/GEOG777_Project_1/NitrateCancerAnalysis/GPServer",
    "hasResultMapServer": false,
    "resultMapServerName": "",
    "supportsUpload": false
  },
  "useResultMapServer": false,
  "taskUrl": "https://localhost:6443/arcgis/rest/services/GEOG777_Project_1/NitrateCancerAnalysis/GPServer/Nitrate_Cancer_Analysis",
  "isSynchronous": false,
  "inputParams": [
    {
      "name": "Nitrate_Level__Well__Data",
      "dataType": "GPString",
      "description": "Select the nitrate level (well) data layer.",
      "defaultValue": "Well Nitrate Levels (ppm)",
      "category": "",
      "choiceList": [
        "Well Nitrate Levels (ppm)"
      ],
      "label": "Nitrate Level (Well) Data",
      "visible": true,
      "required": true,
      "tooltip": "Nitrate Level (Well) Data"
    },
    {
      "name": "Cancer_Rate__Census_Tracts__Data",
      "dataType": "GPString",
      "description": "Select the cancer rate (census tracts) data layer.",
      "defaultValue": "WI Census Tracts (cancer rate)",
      "category": "",
      "choiceList": [
        "WI Census Tracts (cancer rate)"
      ],
      "label": "Cancer Rate (Census Tracts) Data",
      "visible": true,
      "required": true,
      "tooltip": "Cancer Rate (Census Tracts) Data"
    },
    {
      "name": "County_Data",
      "dataType": "GPString",
      "description": "Select the county data layer.",
      "defaultValue": "WI Counties",
      "category": "",
      "choiceList": [
        "WI Counties"
      ],
      "label": "County Data",
      "visible": true,
      "required": true,
      "tooltip": "County Data"
    },
    {
      "name": "IDW_K_Value",
      "dataType": "GPDouble",
      "description": "Input an IDW K (power) value. Recommended value is 2.5.",
      "defaultValue": 2.5,
      "category": "",
      "label": "IDW K Value",
      "visible": true,
      "required": true,
      "tooltip": "IDW K Value"
    },
    {
      "name": "Hexbin_Size__Square_Miles_",
      "dataType": "GPDouble",
      "description": "Input the desired hexbin size in square miles. Recommended value is 7.5 square miles.",
      "defaultValue": 7.5,
      "category": "",
      "label": "Hexbin Size (Square Miles)",
      "visible": true,
      "required": true,
      "tooltip": "Hexbin Size (Square Miles)"
    }
  ],
  "outputParams": [
    {
      "name": "OLS_Report",
      "dataType": "GPDataFile",
      "description": "",
      "defaultValue": null,
      "category": "",
      "label": "OLS Report",
      "visible": true,
      "required": false,
      "tooltip": "OLS Report",
      "ignore": false,
      "layerInvisible": true
    },
    {
      "name": "Nitrate_Level_IDW_Raster",
      "dataType": "GPRasterDataLayer",
      "description": "",
      "defaultValue": null,
      "category": "",
      "label": "Nitrate Level IDW Raster",
      "visible": true,
      "required": false,
      "tooltip": "Nitrate Level IDW Raster",
      "ignore": false,
      "layerInvisible": true
    },
    {
      "name": "Cancer_Rate_Raster",
      "dataType": "GPRasterDataLayer",
      "description": "",
      "defaultValue": null,
      "category": "",
      "label": "Cancer Rate Raster",
      "visible": true,
      "required": false,
      "tooltip": "Cancer Rate Raster",
      "ignore": false,
      "layerInvisible": true
    },
    {
      "name": "HexBin_Layer",
      "dataType": "GPFeatureRecordSetLayer",
      "description": "",
      "defaultValue": {
        "displayFieldName": "",
        "geometryType": "esriGeometryPolygon",
        "spatialReference": {
          "wkid": 4269,
          "latestWkid": 4269
        },
        "fields": [
          {
            "name": "OBJECTID",
            "type": "esriFieldTypeOID",
            "alias": "OBJECTID"
          },
          {
            "name": "GRID_ID",
            "type": "esriFieldTypeString",
            "alias": "GRID_ID",
            "length": 12
          },
          {
            "name": "UID",
            "type": "esriFieldTypeSmallInteger",
            "alias": "UID"
          },
          {
            "name": "nit_GRID_ID",
            "type": "esriFieldTypeString",
            "alias": "nit_GRID_ID",
            "length": 5
          },
          {
            "name": "nit_ZONE_CODE",
            "type": "esriFieldTypeInteger",
            "alias": "nit_ZONE_CODE"
          },
          {
            "name": "nit_COUNT",
            "type": "esriFieldTypeInteger",
            "alias": "nit_COUNT"
          },
          {
            "name": "nit_AREA",
            "type": "esriFieldTypeDouble",
            "alias": "nit_AREA"
          },
          {
            "name": "nit_MIN",
            "type": "esriFieldTypeDouble",
            "alias": "nit_MIN"
          },
          {
            "name": "nit_MAX",
            "type": "esriFieldTypeDouble",
            "alias": "nit_MAX"
          },
          {
            "name": "nit_RANGE",
            "type": "esriFieldTypeDouble",
            "alias": "nit_RANGE"
          },
          {
            "name": "nit_MEAN",
            "type": "esriFieldTypeDouble",
            "alias": "nit_MEAN"
          },
          {
            "name": "nit_STD",
            "type": "esriFieldTypeDouble",
            "alias": "nit_STD"
          },
          {
            "name": "nit_SUM",
            "type": "esriFieldTypeDouble",
            "alias": "nit_SUM"
          },
          {
            "name": "can_GRID_ID",
            "type": "esriFieldTypeString",
            "alias": "can_GRID_ID",
            "length": 5
          },
          {
            "name": "can_ZONE_CODE",
            "type": "esriFieldTypeInteger",
            "alias": "can_ZONE_CODE"
          },
          {
            "name": "can_COUNT",
            "type": "esriFieldTypeInteger",
            "alias": "can_COUNT"
          },
          {
            "name": "can_AREA",
            "type": "esriFieldTypeDouble",
            "alias": "can_AREA"
          },
          {
            "name": "can_MIN",
            "type": "esriFieldTypeDouble",
            "alias": "can_MIN"
          },
          {
            "name": "can_MAX",
            "type": "esriFieldTypeDouble",
            "alias": "can_MAX"
          },
          {
            "name": "can_RANGE",
            "type": "esriFieldTypeDouble",
            "alias": "can_RANGE"
          },
          {
            "name": "can_MEAN",
            "type": "esriFieldTypeDouble",
            "alias": "can_MEAN"
          },
          {
            "name": "can_STD",
            "type": "esriFieldTypeDouble",
            "alias": "can_STD"
          },
          {
            "name": "can_SUM",
            "type": "esriFieldTypeDouble",
            "alias": "can_SUM"
          },
          {
            "name": "Shape_Length",
            "type": "esriFieldTypeDouble",
            "alias": "Shape_Length"
          },
          {
            "name": "Shape_Area",
            "type": "esriFieldTypeDouble",
            "alias": "Shape_Area"
          }
        ],
        "features": [],
        "exceededTransferLimit": false
      },
      "category": "",
      "label": "HexBin Layer",
      "visible": true,
      "required": false,
      "featureSetMode": "layers",
      "tooltip": "HexBin Layer",
      "renderer": {
        "type": "simple",
        "symbol": {
          "color": [
            255,
            255,
            255,
            0
          ],
          "outline": {
            "color": [
              0,
              0,
              0,
              255
            ],
            "width": 1.5,
            "type": "esriSLS",
            "style": "esriSLSSolid"
          },
          "type": "esriSFS",
          "style": "esriSFSSolid"
        }
      },
      "popup": {
        "title": "${UID}",
        "fields": [
          {
            "name": "OBJECTID",
            "alias": "OBJECTID",
            "type": "esriFieldTypeOID",
            "visible": true
          },
          {
            "name": "GRID_ID",
            "alias": "GRID_ID",
            "type": "esriFieldTypeString",
            "visible": true
          },
          {
            "name": "UID",
            "alias": "UID",
            "type": "esriFieldTypeSmallInteger",
            "visible": true
          },
          {
            "name": "nit_GRID_ID",
            "alias": "nit_GRID_ID",
            "type": "esriFieldTypeString",
            "visible": true
          },
          {
            "name": "nit_ZONE_CODE",
            "alias": "nit_ZONE_CODE",
            "type": "esriFieldTypeInteger",
            "visible": true
          },
          {
            "name": "nit_COUNT",
            "alias": "nit_COUNT",
            "type": "esriFieldTypeInteger",
            "visible": true
          },
          {
            "name": "nit_AREA",
            "alias": "nit_AREA",
            "type": "esriFieldTypeDouble",
            "visible": true
          },
          {
            "name": "nit_MIN",
            "alias": "nit_MIN",
            "type": "esriFieldTypeDouble",
            "visible": true
          },
          {
            "name": "nit_MAX",
            "alias": "nit_MAX",
            "type": "esriFieldTypeDouble",
            "visible": true
          },
          {
            "name": "nit_RANGE",
            "alias": "nit_RANGE",
            "type": "esriFieldTypeDouble",
            "visible": true
          },
          {
            "name": "nit_MEAN",
            "alias": "nit_MEAN",
            "type": "esriFieldTypeDouble",
            "visible": true
          },
          {
            "name": "nit_STD",
            "alias": "nit_STD",
            "type": "esriFieldTypeDouble",
            "visible": true
          },
          {
            "name": "nit_SUM",
            "alias": "nit_SUM",
            "type": "esriFieldTypeDouble",
            "visible": true
          },
          {
            "name": "can_GRID_ID",
            "alias": "can_GRID_ID",
            "type": "esriFieldTypeString",
            "visible": true
          },
          {
            "name": "can_ZONE_CODE",
            "alias": "can_ZONE_CODE",
            "type": "esriFieldTypeInteger",
            "visible": true
          },
          {
            "name": "can_COUNT",
            "alias": "can_COUNT",
            "type": "esriFieldTypeInteger",
            "visible": true
          },
          {
            "name": "can_AREA",
            "alias": "can_AREA",
            "type": "esriFieldTypeDouble",
            "visible": true
          },
          {
            "name": "can_MIN",
            "alias": "can_MIN",
            "type": "esriFieldTypeDouble",
            "visible": true
          },
          {
            "name": "can_MAX",
            "alias": "can_MAX",
            "type": "esriFieldTypeDouble",
            "visible": true
          },
          {
            "name": "can_RANGE",
            "alias": "can_RANGE",
            "type": "esriFieldTypeDouble",
            "visible": true
          },
          {
            "name": "can_MEAN",
            "alias": "can_MEAN",
            "type": "esriFieldTypeDouble",
            "visible": true
          },
          {
            "name": "can_STD",
            "alias": "can_STD",
            "type": "esriFieldTypeDouble",
            "visible": true
          },
          {
            "name": "can_SUM",
            "alias": "can_SUM",
            "type": "esriFieldTypeDouble",
            "visible": true
          },
          {
            "name": "Shape_Length",
            "alias": "Shape_Length",
            "type": "esriFieldTypeDouble",
            "visible": true
          },
          {
            "name": "Shape_Area",
            "alias": "Shape_Area",
            "type": "esriFieldTypeDouble",
            "visible": true
          }
        ],
        "enablePopup": true
      },
      "useDynamicSchema": false,
      "ignore": false,
      "layerInvisible": true
    },
    {
      "name": "OLS_Results",
      "dataType": "GPFeatureRecordSetLayer",
      "description": "",
      "defaultValue": {
        "displayFieldName": "",
        "geometryType": "esriGeometryPolygon",
        "spatialReference": {
          "wkid": 4269,
          "latestWkid": 4269
        },
        "fields": [
          {
            "name": "OBJECTID",
            "type": "esriFieldTypeOID",
            "alias": "OBJECTID"
          },
          {
            "name": "UID",
            "type": "esriFieldTypeSmallInteger",
            "alias": "UID"
          },
          {
            "name": "can_MEAN",
            "type": "esriFieldTypeDouble",
            "alias": "can_MEAN"
          },
          {
            "name": "nit_MEAN",
            "type": "esriFieldTypeDouble",
            "alias": "nit_MEAN"
          },
          {
            "name": "Estimated",
            "type": "esriFieldTypeDouble",
            "alias": "Estimated"
          },
          {
            "name": "Residual",
            "type": "esriFieldTypeDouble",
            "alias": "Residual"
          },
          {
            "name": "StdResid",
            "type": "esriFieldTypeDouble",
            "alias": "StdResid"
          },
          {
            "name": "Shape_Length",
            "type": "esriFieldTypeDouble",
            "alias": "Shape_Length"
          },
          {
            "name": "Shape_Area",
            "type": "esriFieldTypeDouble",
            "alias": "Shape_Area"
          }
        ],
        "features": [],
        "exceededTransferLimit": false
      },
      "category": "",
      "label": "OLS Results",
      "visible": true,
      "required": false,
      "featureSetMode": "layers",
      "tooltip": "OLS Results",
      "renderer": {
        "type": "classBreaks",
        "field": "StdResid",
        "defaultSymbol": {
          "color": [
            255,
            255,
            255,
            255
          ],
          "outline": {
            "color": [
              110,
              110,
              110,
              255
            ],
            "width": 0.75,
            "type": "esriSLS",
            "style": "esriSLSSolid"
          },
          "type": "esriSFS",
          "style": "esriSFSSolid"
        },
        "minValue": -99,
        "classBreakInfos": [
          {
            "symbol": {
              "color": [
                69,
                117,
                181,
                255
              ],
              "outline": {
                "color": [
                  110,
                  110,
                  110,
                  255
                ],
                "width": 0.75,
                "type": "esriSLS",
                "style": "esriSLSSolid"
              },
              "type": "esriSFS",
              "style": "esriSFSSolid"
            },
            "label": "-99 — -2.5 Std.Dev.",
            "classMaxValue": -2.5
          },
          {
            "symbol": {
              "color": [
                132,
                158,
                186,
                255
              ],
              "outline": {
                "color": [
                  110,
                  110,
                  110,
                  255
                ],
                "width": 0.75,
                "type": "esriSLS",
                "style": "esriSLSSolid"
              },
              "type": "esriSFS",
              "style": "esriSFSSolid"
            },
            "label": "-2.5 — -1.5 Std.Dev.",
            "classMaxValue": -1.5
          },
          {
            "symbol": {
              "color": [
                192,
                204,
                190,
                255
              ],
              "outline": {
                "color": [
                  110,
                  110,
                  110,
                  255
                ],
                "width": 0.75,
                "type": "esriSLS",
                "style": "esriSLSSolid"
              },
              "type": "esriSFS",
              "style": "esriSFSSolid"
            },
            "label": "-1.5 — -0.5 Std.Dev.",
            "classMaxValue": -0.5
          },
          {
            "symbol": {
              "color": [
                255,
                255,
                191,
                255
              ],
              "outline": {
                "color": [
                  110,
                  110,
                  110,
                  255
                ],
                "width": 0.75,
                "type": "esriSLS",
                "style": "esriSLSSolid"
              },
              "type": "esriSFS",
              "style": "esriSFSSolid"
            },
            "label": "-0.5 — 0.5 Std.Dev.",
            "classMaxValue": 0.5
          },
          {
            "symbol": {
              "color": [
                250,
                183,
                132,
                255
              ],
              "outline": {
                "color": [
                  110,
                  110,
                  110,
                  255
                ],
                "width": 0.75,
                "type": "esriSLS",
                "style": "esriSLSSolid"
              },
              "type": "esriSFS",
              "style": "esriSFSSolid"
            },
            "label": "0.5 — 1.5 Std.Dev.",
            "classMaxValue": 1.5
          },
          {
            "symbol": {
              "color": [
                237,
                117,
                81,
                255
              ],
              "outline": {
                "color": [
                  110,
                  110,
                  110,
                  255
                ],
                "width": 0.75,
                "type": "esriSLS",
                "style": "esriSLSSolid"
              },
              "type": "esriSFS",
              "style": "esriSFSSolid"
            },
            "label": "1.5 — 2.5 Std.Dev.",
            "classMaxValue": 2.5
          },
          {
            "symbol": {
              "color": [
                214,
                47,
                39,
                255
              ],
              "outline": {
                "color": [
                  110,
                  110,
                  110,
                  255
                ],
                "width": 0.75,
                "type": "esriSLS",
                "style": "esriSLSSolid"
              },
              "type": "esriSFS",
              "style": "esriSFSSolid"
            },
            "label": "2.5 — 99 Std.Dev.",
            "classMaxValue": 99
          }
        ],
        "_colorType": "color25",
        "_showOthersSymbol": false
      },
      "popup": {
        "title": "${UID}",
        "fields": [
          {
            "name": "OBJECTID",
            "alias": "OBJECTID",
            "type": "esriFieldTypeOID",
            "visible": true
          },
          {
            "name": "UID",
            "alias": "UID",
            "type": "esriFieldTypeSmallInteger",
            "visible": true
          },
          {
            "name": "can_MEAN",
            "alias": "can_MEAN",
            "type": "esriFieldTypeDouble",
            "visible": true
          },
          {
            "name": "nit_MEAN",
            "alias": "nit_MEAN",
            "type": "esriFieldTypeDouble",
            "visible": true
          },
          {
            "name": "Estimated",
            "alias": "Estimated",
            "type": "esriFieldTypeDouble",
            "visible": true
          },
          {
            "name": "Residual",
            "alias": "Residual",
            "type": "esriFieldTypeDouble",
            "visible": true
          },
          {
            "name": "StdResid",
            "alias": "StdResid",
            "type": "esriFieldTypeDouble",
            "visible": true
          },
          {
            "name": "Shape_Length",
            "alias": "Shape_Length",
            "type": "esriFieldTypeDouble",
            "visible": true
          },
          {
            "name": "Shape_Area",
            "alias": "Shape_Area",
            "type": "esriFieldTypeDouble",
            "visible": true
          }
        ],
        "enablePopup": true
      },
      "useDynamicSchema": false,
      "ignore": false,
      "layerInvisible": false
    },
    {
      "name": "OLS_Coefficients",
      "dataType": "GPRecordSet",
      "description": "",
      "defaultValue": {},
      "category": "",
      "label": "OLS Coefficients",
      "visible": true,
      "required": false,
      "recordSetMode": "table",
      "tooltip": "OLS Coefficients",
      "output": {
        "title": "",
        "fields": []
      },
      "useDynamicSchema": false,
      "ignore": true,
      "layerInvisible": true
    },
    {
      "name": "OLS_Diagnostics",
      "dataType": "GPRecordSet",
      "description": "",
      "defaultValue": {},
      "category": "",
      "label": "OLS Diagnostics",
      "visible": true,
      "required": false,
      "recordSetMode": "table",
      "tooltip": "OLS Diagnostics",
      "output": {
        "title": "",
        "fields": []
      },
      "useDynamicSchema": false,
      "ignore": true,
      "layerInvisible": true
    },
    {
      "name": "Nitrate_Level_Statistics_Table__HexBins_",
      "dataType": "GPRecordSet",
      "description": "",
      "defaultValue": {},
      "category": "",
      "label": "Nitrate Level Statistics Table (HexBins)",
      "visible": true,
      "required": false,
      "recordSetMode": "table",
      "tooltip": "Nitrate Level Statistics Table (HexBins)",
      "output": {
        "title": "",
        "fields": []
      },
      "useDynamicSchema": false,
      "ignore": true,
      "layerInvisible": true
    },
    {
      "name": "Cancer_Rate_Statistics_Table__HexBins_",
      "dataType": "GPRecordSet",
      "description": "",
      "defaultValue": {},
      "category": "",
      "label": "Cancer Rate Statistics Table (HexBins)",
      "visible": true,
      "required": false,
      "recordSetMode": "table",
      "tooltip": "Cancer Rate Statistics Table (HexBins)",
      "output": {
        "title": "",
        "fields": []
      },
      "useDynamicSchema": false,
      "ignore": true,
      "layerInvisible": true
    }
  ],
  "shareResults": true,
  "layerOrder": [
    "HexBin_Layer",
    "OLS_Results"
  ],
  "showExportButton": true
}
