{
  "name": "NitrateCancerAnalysis",
  "displayName": "Nitrate_Cancer_Analysis",
  "description": "This GP (geoprocessing) tool takes nitrate level input data from water well sample point locations and cancer rate input data from census tract polygons and performs a linear regression analysis to identify how much (if any) water nitrate levels affect cancer rates.",
  "category": "",
  "helpUrl": "https://localhost:6443/arcgis/rest/directories/arcgisoutput/GEOG777_Project_1/NitrateCancerAnalysis_GPServer/GEOG777_Project_1_NitrateCancerAnalysis/NitrateCancerAnalysis.htm",
  "serverInfo": {
    "currentVersion": 10.61,
    "url": "https://localhost:6443/arcgis/rest/services/GEOG777_Project_1/NitrateCancerAnalysis/GPServer",
    "hasResultMapServer": false,
    "resultMapServerName": "",
    "supportsUpload": false
  },
  "useResultMapServer": false,
  "taskUrl": "https://localhost:6443/arcgis/rest/services/GEOG777_Project_1/NitrateCancerAnalysis/GPServer/Nitrate_Cancer_Analysis",
  "isSynchronous": false,
  "inputParams": [
    {
      "name": "Nitrate_Level__Well__Data",
      "dataType": "GPFeatureRecordSetLayer",
      "description": "Select the nitrate level (well) data layer.",
      "defaultValue": {
        "displayFieldName": "",
        "geometryType": "esriGeometryPoint",
        "spatialReference": {
          "wkid": 4269,
          "latestWkid": 4269
        },
        "fields": [
          {
            "name": "FID",
            "type": "esriFieldTypeOID",
            "alias": "FID"
          },
          {
            "name": "TARGET_FID",
            "type": "esriFieldTypeInteger",
            "alias": "TARGET_FID"
          },
          {
            "name": "nitr_ran",
            "type": "esriFieldTypeDouble",
            "alias": "nitr_ran"
          }
        ],
        "features": [],
        "exceededTransferLimit": false
      },
      "category": "",
      "label": "Nitrate Level (Well) Data",
      "visible": true,
      "required": true,
      "featureSetMode": "layers",
      "tooltip": "Nitrate Level (Well) Data"
    },
    {
      "name": "Cancer_Rate__Census_Tracts__Data",
      "dataType": "GPFeatureRecordSetLayer",
      "description": "Select the cancer rate (census tracts) data layer.",
      "defaultValue": {
        "displayFieldName": "",
        "geometryType": "esriGeometryPolygon",
        "spatialReference": {
          "wkid": 4269,
          "latestWkid": 4269
        },
        "fields": [
          {
            "name": "FID",
            "type": "esriFieldTypeOID",
            "alias": "FID"
          },
          {
            "name": "GEOID10",
            "type": "esriFieldTypeString",
            "alias": "GEOID10",
            "length": 11
          },
          {
            "name": "canrate",
            "type": "esriFieldTypeSingle",
            "alias": "canrate"
          },
          {
            "name": "nitrate",
            "type": "esriFieldTypeDouble",
            "alias": "nitrate"
          },
          {
            "name": "Shape_Length",
            "type": "esriFieldTypeDouble",
            "alias": "Shape_Length"
          },
          {
            "name": "Shape_Area",
            "type": "esriFieldTypeDouble",
            "alias": "Shape_Area"
          }
        ],
        "features": [],
        "exceededTransferLimit": false
      },
      "category": "",
      "label": "Cancer Rate (Census Tracts) Data",
      "visible": true,
      "required": true,
      "featureSetMode": "layers"
    },
    {
      "name": "County_Data",
      "dataType": "GPFeatureRecordSetLayer",
      "description": "Select the county data layer.",
      "defaultValue": {
        "displayFieldName": "",
        "geometryType": "esriGeometryPolygon",
        "spatialReference": {
          "wkid": 4269,
          "latestWkid": 4269
        },
        "fields": [
          {
            "name": "FID",
            "type": "esriFieldTypeOID",
            "alias": "FID"
          },
          {
            "name": "GEOID10",
            "type": "esriFieldTypeString",
            "alias": "GEOID10",
            "length": 11
          },
          {
            "name": "canrate",
            "type": "esriFieldTypeSingle",
            "alias": "canrate"
          },
          {
            "name": "cid",
            "type": "esriFieldTypeString",
            "alias": "cid",
            "length": 4
          },
          {
            "name": "nitrate",
            "type": "esriFieldTypeDouble",
            "alias": "nitrate"
          },
          {
            "name": "Shape_Length",
            "type": "esriFieldTypeDouble",
            "alias": "Shape_Length"
          },
          {
            "name": "Shape_Area",
            "type": "esriFieldTypeDouble",
            "alias": "Shape_Area"
          }
        ],
        "features": [],
        "exceededTransferLimit": false
      },
      "category": "",
      "label": "County Data",
      "visible": true,
      "required": true,
      "featureSetMode": "layers"
    },
    {
      "name": "IDW_K_Value",
      "dataType": "GPDouble",
      "description": "Input an IDW K (power) value. Recommended value is 2.5.",
      "defaultValue": 2.5,
      "category": "",
      "label": "IDW K Value",
      "visible": true,
      "required": true
    },
    {
      "name": "Hexbin_Size__Square_Miles_",
      "dataType": "GPDouble",
      "description": "Input the desired hexbin size in square miles. Recommended value is 7.5 square miles.",
      "defaultValue": 7.5,
      "category": "",
      "label": "Hexbin Size (Square Miles)",
      "visible": true,
      "required": true
    }
  ],
  "outputParams": [
    {
      "name": "Nitrate_Level_IDW_Raster",
      "dataType": "GPRasterDataLayer",
      "description": "",
      "defaultValue": null,
      "category": "",
      "label": "Nitrate Level IDW Raster",
      "visible": true,
      "required": false
    },
    {
      "name": "Cancer_Rate_Raster",
      "dataType": "GPRasterDataLayer",
      "description": "",
      "defaultValue": null,
      "category": "",
      "label": "Cancer Rate Raster",
      "visible": true,
      "required": false
    },
    {
      "name": "HexBin_Layer",
      "dataType": "GPFeatureRecordSetLayer",
      "description": "",
      "defaultValue": {
        "displayFieldName": "",
        "geometryType": "esriGeometryPolygon",
        "spatialReference": {
          "wkid": 4269,
          "latestWkid": 4269
        },
        "fields": [
          {
            "name": "OBJECTID",
            "type": "esriFieldTypeOID",
            "alias": "OBJECTID"
          },
          {
            "name": "GRID_ID",
            "type": "esriFieldTypeString",
            "alias": "GRID_ID",
            "length": 12
          },
          {
            "name": "UID",
            "type": "esriFieldTypeSmallInteger",
            "alias": "UID"
          },
          {
            "name": "nit_GRID_ID",
            "type": "esriFieldTypeString",
            "alias": "nit_GRID_ID",
            "length": 5
          },
          {
            "name": "nit_ZONE_CODE",
            "type": "esriFieldTypeInteger",
            "alias": "nit_ZONE_CODE"
          },
          {
            "name": "nit_COUNT",
            "type": "esriFieldTypeInteger",
            "alias": "nit_COUNT"
          },
          {
            "name": "nit_AREA",
            "type": "esriFieldTypeDouble",
            "alias": "nit_AREA"
          },
          {
            "name": "nit_MIN",
            "type": "esriFieldTypeDouble",
            "alias": "nit_MIN"
          },
          {
            "name": "nit_MAX",
            "type": "esriFieldTypeDouble",
            "alias": "nit_MAX"
          },
          {
            "name": "nit_RANGE",
            "type": "esriFieldTypeDouble",
            "alias": "nit_RANGE"
          },
          {
            "name": "nit_MEAN",
            "type": "esriFieldTypeDouble",
            "alias": "nit_MEAN"
          },
          {
            "name": "nit_STD",
            "type": "esriFieldTypeDouble",
            "alias": "nit_STD"
          },
          {
            "name": "nit_SUM",
            "type": "esriFieldTypeDouble",
            "alias": "nit_SUM"
          },
          {
            "name": "can_GRID_ID",
            "type": "esriFieldTypeString",
            "alias": "can_GRID_ID",
            "length": 5
          },
          {
            "name": "can_ZONE_CODE",
            "type": "esriFieldTypeInteger",
            "alias": "can_ZONE_CODE"
          },
          {
            "name": "can_COUNT",
            "type": "esriFieldTypeInteger",
            "alias": "can_COUNT"
          },
          {
            "name": "can_AREA",
            "type": "esriFieldTypeDouble",
            "alias": "can_AREA"
          },
          {
            "name": "can_MIN",
            "type": "esriFieldTypeDouble",
            "alias": "can_MIN"
          },
          {
            "name": "can_MAX",
            "type": "esriFieldTypeDouble",
            "alias": "can_MAX"
          },
          {
            "name": "can_RANGE",
            "type": "esriFieldTypeDouble",
            "alias": "can_RANGE"
          },
          {
            "name": "can_MEAN",
            "type": "esriFieldTypeDouble",
            "alias": "can_MEAN"
          },
          {
            "name": "can_STD",
            "type": "esriFieldTypeDouble",
            "alias": "can_STD"
          },
          {
            "name": "can_SUM",
            "type": "esriFieldTypeDouble",
            "alias": "can_SUM"
          },
          {
            "name": "Shape_Length",
            "type": "esriFieldTypeDouble",
            "alias": "Shape_Length"
          },
          {
            "name": "Shape_Area",
            "type": "esriFieldTypeDouble",
            "alias": "Shape_Area"
          }
        ],
        "features": [],
        "exceededTransferLimit": false
      },
      "category": "",
      "label": "HexBin Layer",
      "visible": true,
      "required": false,
      "featureSetMode": "layers"
    },
    {
      "name": "Nitrate_Level_Statistics_Table__HexBins_",
      "dataType": "GPRecordSet",
      "description": "",
      "defaultValue": {},
      "category": "",
      "label": "Nitrate Level Statistics Table (HexBins)",
      "visible": true,
      "required": false,
      "recordSetMode": "table"
    },
    {
      "name": "Cancer_Rate_Statistics_Table__HexBins_",
      "dataType": "GPRecordSet",
      "description": "",
      "defaultValue": {},
      "category": "",
      "label": "Cancer Rate Statistics Table (HexBins)",
      "visible": true,
      "required": false,
      "recordSetMode": "table"
    },
    {
      "name": "OLS_Results",
      "dataType": "GPFeatureRecordSetLayer",
      "description": "",
      "defaultValue": {
        "displayFieldName": "",
        "geometryType": "esriGeometryPolygon",
        "spatialReference": {
          "wkid": 4269,
          "latestWkid": 4269
        },
        "fields": [
          {
            "name": "OBJECTID",
            "type": "esriFieldTypeOID",
            "alias": "OBJECTID"
          },
          {
            "name": "UID",
            "type": "esriFieldTypeSmallInteger",
            "alias": "UID"
          },
          {
            "name": "can_MEAN",
            "type": "esriFieldTypeDouble",
            "alias": "can_MEAN"
          },
          {
            "name": "nit_MEAN",
            "type": "esriFieldTypeDouble",
            "alias": "nit_MEAN"
          },
          {
            "name": "Estimated",
            "type": "esriFieldTypeDouble",
            "alias": "Estimated"
          },
          {
            "name": "Residual",
            "type": "esriFieldTypeDouble",
            "alias": "Residual"
          },
          {
            "name": "StdResid",
            "type": "esriFieldTypeDouble",
            "alias": "StdResid"
          },
          {
            "name": "Shape_Length",
            "type": "esriFieldTypeDouble",
            "alias": "Shape_Length"
          },
          {
            "name": "Shape_Area",
            "type": "esriFieldTypeDouble",
            "alias": "Shape_Area"
          }
        ],
        "features": [],
        "exceededTransferLimit": false
      },
      "category": "",
      "label": "OLS Results",
      "visible": true,
      "required": false,
      "featureSetMode": "layers"
    },
    {
      "name": "OLS_Coefficients",
      "dataType": "GPRecordSet",
      "description": "",
      "defaultValue": {},
      "category": "",
      "label": "OLS Coefficients",
      "visible": true,
      "required": false,
      "recordSetMode": "table"
    },
    {
      "name": "OLS_Diagnostics",
      "dataType": "GPRecordSet",
      "description": "",
      "defaultValue": {},
      "category": "",
      "label": "OLS Diagnostics",
      "visible": true,
      "required": false,
      "recordSetMode": "table"
    },
    {
      "name": "OLS_Report",
      "dataType": "GPDataFile",
      "description": "",
      "defaultValue": null,
      "category": "",
      "label": "OLS Report",
      "visible": true,
      "required": false
    }
  ],
  "shareResults": true,
  "layerOrder": [
    "HexBin_Layer",
    "OLS_Results",
    "Nitrate_Level__Well__Data",
    "Cancer_Rate__Census_Tracts__Data",
    "County_Data"
  ],
  "showExportButton": true
}
