{
  "layerInfos": [
    {
      "name": "Well_Nitrate_Levels",
      "id": "Well_Nitrate_Levels_9046_0",
      "layer": {
        "url": "https://localhost:6443/arcgis/rest/services/Source_Data/Well_Nitrate_Levels/MapServer/0",
        "fields": [
          {
            "name": "FID",
            "alias": "FID",
            "show": false
          },
          {
            "name": "Shape",
            "alias": "Shape",
            "show": false
          },
          {
            "name": "TARGET_FID",
            "alias": "TARGET_FID",
            "show": true,
            "format": {
              "places": 0,
              "digitSeparator": true
            }
          },
          {
            "name": "nitr_ran",
            "alias": "nitr_ran",
            "show": true,
            "format": {
              "places": 2,
              "digitSeparator": true
            }
          }
        ]
      },
      "show": true,
      "showAttachments": false,
      "sortField": "FID",
      "isDescending": false
    },
    {
      "name": "Wisconsin_Counties",
      "id": "Counties_8292_0",
      "layer": {
        "url": "https://localhost:6443/arcgis/rest/services/Source_Data/Counties/MapServer/0",
        "fields": [
          {
            "show": false,
            "name": "FID",
            "alias": "FID"
          },
          {
            "show": false,
            "name": "Shape",
            "alias": "Shape"
          },
          {
            "show": true,
            "name": "GEOID10",
            "alias": "GEOID10"
          },
          {
            "show": false,
            "name": "canrate",
            "alias": "canrate"
          },
          {
            "show": true,
            "name": "cid",
            "alias": "cid"
          },
          {
            "show": false,
            "name": "nitrate",
            "alias": "nitrate"
          }
        ]
      },
      "show": true,
      "showAttachments": false,
      "sortField": "FID",
      "isDescending": false
    },
    {
      "name": "Wisconsin_Census_Tracts",
      "id": "Census_Tracts_9264_0",
      "layer": {
        "url": "https://localhost:6443/arcgis/rest/services/Source_Data/Census_Tracts/MapServer/0",
        "fields": [
          {
            "name": "FID",
            "alias": "FID",
            "show": false
          },
          {
            "name": "Shape",
            "alias": "Shape",
            "show": false
          },
          {
            "name": "GEOID10",
            "alias": "GEOID10",
            "show": true
          },
          {
            "name": "canrate",
            "alias": "canrate",
            "show": true,
            "format": {
              "places": 2,
              "digitSeparator": true
            }
          },
          {
            "name": "nitrate",
            "alias": "nitrate",
            "show": false,
            "format": {
              "places": 2,
              "digitSeparator": true
            }
          }
        ]
      },
      "show": true,
      "showAttachments": false,
      "sortField": "FID",
      "isDescending": false
    }
  ],
  "table": {
    "pageSizeOptions": [
      25,
      50,
      100,
      1000
    ]
  },
  "hideExportButton": false,
  "initiallyExpand": false,
  "filterByMapExtent": true,
  "allowTextSelection": true,
  "syncWithLayers": false
}
